Date,Price,Open,High,Low,Vol.,Change %
"Jun 15, 2021",1859.65,1868,1870.85,1853.1,-,-0.33%
"Jun 14, 2021",1865.9,1879.6,1879.7,1845.7,242.30K,-0.73%
"Jun 11, 2021",1879.6,1901.9,1906.2,1876.1,220.46K,-0.89%
"Jun 10, 2021",1896.4,1891.4,1903,1871.8,250.55K,0.05%
"Jun 09, 2021",1895.5,1894.4,1901.7,1889.3,147.33K,0.06%
"Jun 08, 2021",1894.4,1901.6,1906.9,1885.7,173.60K,-0.23%
"Jun 07, 2021",1898.8,1894.3,1902.9,1883.7,146.02K,0.36%
"Jun 04, 2021",1892,1872.7,1899,1855.6,228.83K,1%
"Jun 03, 2021",1873.3,1910.5,1912.3,1866.7,278.58K,-1.92%
"Jun 02, 2021",1909.9,1903,1911.8,1896.4,166.04K,0.26%
"Jun 01, 2021",1905,1906.8,1919.2,1894.5,290.65K,-0.32%
"May 31, 2021",1911.15,1906.8,1913.4,1904.85,-,0.23%
"May 30, 2021",1906.75,1907.6,1907.9,1906.1,-,0.08%
"May 28, 2021",1905.3,1899.8,1908.8,1884.3,198.14K,0.36%
"May 27, 2021",1898.5,1899.3,1906.5,1890.8,211.79K,-0.28%
"May 26, 2021",1903.8,1902.4,1915.6,1893,178.18K,0.17%
"May 25, 2021",1900.5,1883.4,1903.7,1875.4,176.60K,0.73%
"May 24, 2021",1886.7,1885.6,1890,1877.9,55.84K,0.42%
"May 21, 2021",1878.9,1880.4,1892.3,1872.5,53.04K,-0.27%
"May 20, 2021",1883.9,1872.2,1887.2,1866.2,44.91K,0.03%
"May 19, 2021",1883.4,1872.2,1893.2,1854.4,58.81K,0.71%
"May 18, 2021",1870.1,1869.1,1877.8,1865.6,49.55K,0.03%
"May 17, 2021",1869.6,1843.5,1871.1,1843.1,42.11K,1.61%
"May 14, 2021",1840,1829.3,1849,1821.3,24.14K,0.76%
"May 13, 2021",1826.1,1816.6,1830.9,1810.7,41.80K,0.07%
"May 12, 2021",1824.8,1840.2,1846.5,1815,55.16K,-0.72%
"May 11, 2021",1838.1,1837.6,1844.3,1819.8,71.63K,-0.09%
"May 10, 2021",1839.8,1836.1,1848.4,1832.8,64.97K,0.34%
"May 07, 2021",1833.5,1817.3,1846.5,1815.7,26.44K,0.86%
"May 06, 2021",1817.9,1789,1820.5,1784.1,23.09K,1.76%
"May 05, 2021",1786.5,1780.9,1790.2,1771.5,20.46K,0.47%
"May 04, 2021",1778.2,1795.1,1801.6,1771.6,9.94K,-0.88%
"May 03, 2021",1794,1770.4,1800.8,1768.5,7.92K,1.37%
"Apr 30, 2021",1769.8,1773.9,1775,1765.6,17.31K,-0.04%
"Apr 29, 2021",1770.5,1784.2,1791.5,1756.8,8.69K,-0.32%
"Apr 28, 2021",1776.1,1777.3,1784.7,1763.9,5.98K,-0.28%
"Apr 27, 2021",1781,1783.2,1787.8,1776.6,7.80K,-0.07%
"Apr 26, 2021",1782.3,1776,1784.9,1770.8,3.72K,0.13%
"Apr 23, 2021",1779.9,1786.3,1798.2,1771.7,5.12K,-0.23%
"Apr 22, 2021",1784,1797,1800,1779.3,2.13K,-0.62%
"Apr 21, 2021",1795.2,1780.6,1800,1779,3.26K,0.83%
"Apr 20, 2021",1780.4,1772.7,1782.6,1765.8,1.91K,0.43%
"Apr 19, 2021",1772.7,1780.1,1791.7,1768.6,1.87K,-0.53%
"Apr 16, 2021",1782.2,1766.2,1786.2,1763.7,2.57K,0.76%
"Apr 15, 2021",1768.8,1738.8,1772.4,1736.8,3.88K,1.76%
"Apr 14, 2021",1738.2,1748.4,1752.5,1734.7,2.79K,-0.65%
"Apr 13, 2021",1749.5,1734.7,1751.2,1725.5,4.27K,0.86%
"Apr 12, 2021",1734.6,1745.2,1748,1729.6,3.63K,-0.7%
"Apr 09, 2021",1746.8,1757.3,1759,1732.9,4.02K,-0.77%
"Apr 08, 2021",1760.3,1739.5,1761.2,1735.8,4.00K,0.96%
"Apr 07, 2021",1743.6,1746.6,1747.2,1734,1.72K,-0.08%
"Apr 06, 2021",1745,1731.8,1748.3,1730.7,3.87K,0.83%
"Apr 05, 2021",1730.7,1732.1,1735.9,1723.6,1.37K,0.02%
"Apr 01, 2021",1730.3,1711.4,1733.2,1708.8,2.20K,0.75%
"Mar 31, 2021",1717.5,1687.3,1718.1,1679.4,2.71K,1.75%
"Mar 30, 2021",1687.9,1714.8,1715.8,1680.6,2.72K,-1.67%
"Mar 29, 2021",1716.5,1736.3,1736.3,1707.5,4.05K,-1.15%
"Mar 26, 2021",1736.5,1729.9,1738.9,1723.2,3.39K,0.43%
"Mar 25, 2021",1729.1,1738,1748.8,1725,2.95K,-0.47%
"Mar 24, 2021",1737.2,1730.7,1741.5,1729,3.96K,0.45%
"Mar 23, 2021",1729.5,1743.1,1746,1727.2,3.55K,-0.74%
"Mar 22, 2021",1742.4,1745,1745.9,1730.7,2.56K,-0.19%
"Mar 19, 2021",1745.8,1739.5,1750,1731.7,2.72K,0.54%
"Mar 18, 2021",1736.5,1751.2,1758,1722.1,1.44K,0.31%
"Mar 17, 2021",1731.1,1732,1754,1727.5,1.69K,-0.24%
"Mar 16, 2021",1735.2,1733.7,1743.8,1731,1.39K,0.08%
"Mar 15, 2021",1733.8,1730,1737.3,1724.8,0.55K,0.55%
"Mar 12, 2021",1724.3,1726.3,1732.4,1701.6,1.14K,-0.17%
"Mar 11, 2021",1727.2,1729.5,1742.5,1722.5,4.24K,0.04%
"Mar 10, 2021",1726.5,1719.5,1728.7,1711.3,7.20K,0.27%
"Mar 09, 2021",1721.9,1687.3,1722.3,1687.3,4.59K,2.32%
"Mar 08, 2021",1682.9,1711.8,1715.7,1678.4,7.90K,-1.23%
"Mar 05, 2021",1703.8,1696.8,1709.7,1690.8,3.17K,-0.12%
"Mar 04, 2021",1705.9,1712.2,1725.6,1693,4.05K,-0.88%
"Mar 03, 2021",1721,1734.6,1734.6,1705,2.19K,-1.02%
"Mar 02, 2021",1738.8,1725.5,1742.6,1709.7,3.86K,0.61%
"Mar 01, 2021",1728.2,1738.1,1762,1723,1.83K,-0.33%
"Feb 26, 2021",1734,1773.6,1777,1720.8,5.07K,-2.63%
"Feb 25, 2021",1780.8,1805.5,1805.5,1769.9,1.97K,-1.22%
"Feb 24, 2021",1802.8,1810.5,1814.8,1787.9,0.90K,-0.43%
"Feb 23, 2021",1810.5,1816.8,1817.4,1799.7,0.93K,-0.15%
"Feb 22, 2021",1813.2,1791,1816.8,1786.4,0.78K,1.74%
"Feb 19, 2021",1782.2,1771.3,1794.4,1765,1.11K,0.13%
"Feb 18, 2021",1779.9,1784.6,1792.6,1773.2,1.48K,0.12%
"Feb 17, 2021",1777.7,1792,1798,1773,1.97K,-1.45%
"Feb 16, 2021",1803.9,1826.6,1831,1793.5,1.98K,-0.82%
"Feb 15, 2021",1818.75,1820.9,1827,1815.6,-,-0.13%
"Feb 14, 2021",1821.05,1822.45,1826.3,1820.15,-,-0.39%
"Feb 12, 2021",1828.1,1825.9,1835,1817.9,1.24K,-0.21%
"Feb 11, 2021",1832,1842.2,1850.8,1826.9,1.20K,-0.85%
"Feb 10, 2021",1847.7,1840,1860.6,1840,2.06K,0.29%
"Feb 09, 2021",1842.4,1836.7,1853,1836.7,1.36K,0.19%
"Feb 08, 2021",1838.9,1820.7,1844,1814.1,2.78K,1.16%
"Feb 05, 2021",1817.8,1801.8,1820.4,1797.8,1.47K,1.22%
"Feb 04, 2021",1795.9,1838,1838,1790.3,1.74K,-2.38%
"Feb 03, 2021",1839.6,1844.3,1847.2,1834.8,1.21K,0.11%
"Feb 02, 2021",1837.6,1866.7,1869.1,1835.2,1.19K,-1.6%
"Feb 01, 2021",1867.4,1864.6,1874.6,1858.5,3.44K,0.68%
"Jan 29, 2021",1854.7,1847.6,1881.8,1847.6,1.91K,0.48%
"Jan 28, 2021",1845.8,1846.2,1870.4,1841.5,0.81K,-0.43%
"Jan 27, 2021",1853.8,1858.6,1858.6,1843,1.26K,-0.32%
"Jan 26, 2021",1859.8,1868.6,1868.6,1857,1.71K,-0.22%
"Jan 25, 2021",1863.9,1864.4,1874.4,1855,1.66K,-0.05%
"Jan 22, 2021",1864.8,1871.3,1871.3,1845,1.12K,-0.49%
"Jan 21, 2021",1874,1876.9,1882.7,1869.2,1.81K,-0.04%
"Jan 20, 2021",1874.8,1853.1,1880,1840,1.02K,1.4%
"Jan 19, 2021",1849,1832.8,1850.7,1810,1.63K,0.68%
"Jan 18, 2021",1836.6,1809.65,1839.45,1809.65,-,1.48%
"Jan 17, 2021",1809.75,1826.8,1829.1,1803.6,-,-1.59%
"Jan 15, 2021",1839,1857.9,1863.4,1832.3,0.54K,-1.18%
"Jan 14, 2021",1861,1856.9,1866.2,1836.6,1.94K,-0.19%
"Jan 13, 2021",1864.6,1867.2,1871,1851.6,1.82K,0.57%
"Jan 12, 2021",1854.1,1860.2,1873.2,1846,1.40K,-0.37%
"Jan 11, 2021",1860.9,1853.4,1861.3,1828.2,1.37K,0.84%
"Jan 08, 2021",1845.4,1919.7,1920.6,1844,3.45K,-4.09%
"Jan 07, 2021",1924,1933.8,1938,1920.7,3.30K,0.24%
"Jan 06, 2021",1919.4,1965.6,1971.5,1914.4,3.81K,-2.33%
"Jan 05, 2021",1965.2,1955,1965.9,1953.7,2.22K,0.39%
"Jan 04, 2021",1957.6,1927.2,1959.2,1926.9,1.25K,2.94%
"Jan 01, 2021",1901.6,1901.6,1901.6,1901.6,-,-0.22%
"Dec 31, 2020",1905.8,1910,1915.2,1902.9,0.73K,0.09%
"Dec 30, 2020",1904,1896.5,1906.4,1891.2,0.66K,0.56%
"Dec 29, 2020",1893.4,1893.2,1900.3,1890.5,0.37K,0.14%
"Dec 28, 2020",1890.8,1900.8,1912,1885.8,0.54K,-0.12%
"Dec 24, 2020",1893.1,1888.9,1897,1886.9,0.18K,0.29%
"Dec 23, 2020",1887.6,1881.5,1892.3,1872.6,0.44K,0.4%
"Dec 22, 2020",1880,1891.1,1892,1875.6,0.69K,-0.64%
"Dec 21, 2020",1892.2,1916.4,1920.9,1872,0.56K,-0.32%
"Dec 18, 2020",1898.2,1893.6,1903.7,1892.1,0.57K,-0.07%
"Dec 17, 2020",1899.5,1876.1,1910,1876.1,0.35K,1.69%
"Dec 16, 2020",1867.9,1871.2,1876,1864.9,0.85K,0.16%
"Dec 15, 2020",1864.9,1850.2,1865.7,1850.2,0.50K,1.25%
"Dec 14, 2020",1841.9,1848.3,1849.1,1830,0.68K,-0.6%
"Dec 11, 2020",1853.1,1848.9,1859.5,1836.6,2.14K,0.34%
"Dec 10, 2020",1846.9,1849.6,1857.1,1840.8,2.72K,-0.04%
"Dec 09, 2020",1847.7,1883.1,1883.1,1844,1.66K,-1.94%
"Dec 08, 2020",1884.2,1877,1886.6,1874.5,1.91K,0.47%
"Dec 07, 2020",1875.3,1847.9,1880.4,1834.2,2.15K,1.42%
"Dec 04, 2020",1849,1850,1860.4,1842.8,0.91K,0%
"Dec 03, 2020",1849,1843.6,1854.4,1836.1,0.91K,0.58%
"Dec 02, 2020",1838.4,1820.6,1843,1820.6,1.15K,0.58%
"Dec 01, 2020",1827.8,1789.4,1829.7,1789.4,1.45K,2.1%
"Nov 30, 2020",1790.2,1798.8,1798.8,1776.6,0.89K,-0.41%
"Nov 27, 2020",1797.5,1824,1826.4,1787,0.55K,-0.53%
"Nov 26, 2020",1807,1806.25,1816.8,1804.2,-,-0.73%
"Nov 25, 2020",1820.2,1821.7,1829.9,1818.4,0.74K,-0.02%
"Nov 24, 2020",1820.6,1850.8,1851.2,1817.5,0.74K,-1.82%
"Nov 23, 2020",1854.3,1885.2,1889.6,1846.5,0.78K,-1.8%
"Nov 20, 2020",1888.2,1882.7,1894,1881.7,0.28K,0.58%
"Nov 19, 2020",1877.4,1873.3,1877.5,1870,0.17K,-0.64%
"Nov 18, 2020",1889.5,1892.5,1893.6,1882,0.58K,-0.69%
"Nov 17, 2020",1902.6,1906.2,1906.2,1903.5,0.42K,-0.18%
"Nov 16, 2020",1906,1903.1,1904.7,1903,0.22K,-0.02%
"Nov 13, 2020",1906.3,1894.9,1913.9,1894.9,0.45K,0.68%
"Nov 12, 2020",1893.5,1889.9,1901.6,1889.9,0.91K,0.66%
"Nov 11, 2020",1881.1,1897.1,1900.3,1874,0.40K,-0.83%
"Nov 10, 2020",1896.9,1893.8,1903.9,1888.1,0.37K,1.19%
"Nov 09, 2020",1874.5,1978.4,1978.4,1871.9,0.57K,-4.99%
"Nov 06, 2020",1973,1961.5,1977.7,1958.1,0.43K,0.29%
"Nov 05, 2020",1967.3,1948.4,1968.3,1948.4,0.16K,2.67%
"Nov 04, 2020",1916.1,1916.7,1928.5,1908.1,0.23K,-0.73%
"Nov 03, 2020",1930.1,1912.6,1928,1912.6,0.22K,0.92%
"Nov 02, 2020",1912.5,1896.8,1914.9,1896.8,0.12K,0.66%
"Oct 30, 2020",1899.9,1908,1908,1897.6,0.16K,0.62%
"Oct 29, 2020",1888.2,1886.2,1886.2,1884,0.62K,-0.62%
"Oct 28, 2020",1900,1928.9,1928.9,1897.3,0.08K,-1.7%
"Oct 27, 2020",1932.9,1921.4,1933.5,1921.4,0.06K,0.3%
"Oct 26, 2020",1927.1,1919,1926.1,1919,0.06K,0.04%
"Oct 23, 2020",1926.4,1926.3,1926.4,1924.6,0.04K,0.04%
"Oct 22, 2020",1925.7,1940.5,1940.5,1907.6,0.18K,-1.26%
"Oct 21, 2020",1950.3,1925.1,1948.6,1925.1,0.16K,0.72%
"Oct 20, 2020",1936.3,1922.9,1936.6,1921.9,0.11K,0.17%
"Oct 19, 2020",1933,1941.9,1941.9,1941.9,0.12K,0.24%
"Oct 16, 2020",1928.3,1934.4,1934.4,1927.5,0.06K,-0.13%
"Oct 15, 2020",1930.8,1923.2,1923.2,1919.2,0.18K,0.05%
"Oct 14, 2020",1929.8,1929.4,1929.4,1926.7,0.25K,0.68%
"Oct 13, 2020",1916.7,1937.5,1949.6,1915.8,0.23K,-1.74%
"Oct 12, 2020",1950.7,1953.5,1957.7,1948.7,0.22K,0.15%
"Oct 09, 2020",1947.8,1930.5,1956.2,1929.5,0.23K,1.62%
"Oct 08, 2020",1916.8,1902.8,1916.2,1899,0.21K,0.27%
"Oct 07, 2020",1911.6,1894.5,1911.4,1890,0.19K,-0.87%
"Oct 06, 2020",1928.3,1937.2,1942.2,1900.5,0.10K,-0.55%
"Oct 05, 2020",1939,1937,1937,1937,0.11K,0.64%
"Oct 02, 2020",1926.6,1929.6,1933.7,1921.3,0.12K,-0.45%
"Oct 01, 2020",1935.4,1927.6,1935.5,1921.2,0.18K,1.09%
"Sep 30, 2020",1914.6,1915.3,1918.9,1905.2,0.05K,-0.39%
"Sep 29, 2020",1922.1,1907.4,1921.2,1907.4,0.05K,1.11%
"Sep 28, 2020",1901,1883.7,1905.5,1872,0.35K,0.86%
"Sep 25, 2020",1884.8,1885.1,1885.1,1880,0.06K,-0.53%
"Sep 24, 2020",1894.9,1879.9,1892.6,1874.7,0.26K,0.42%
"Sep 23, 2020",1887,1924.6,1924.6,1876.3,0.57K,-2.1%
"Sep 22, 2020",1927.5,1937.9,1940.5,1925.5,0.09K,-0.13%
"Sep 21, 2020",1930,1978.2,1978.9,1913.5,0.19K,-2.62%
"Sep 18, 2020",1981.9,1974.2,1982,1973.6,0.08K,0.64%
"Sep 17, 2020",1969.3,1970.8,1974.4,1965.3,0.13K,-1.07%
"Sep 16, 2020",1990.7,1989.1,1997.9,1985,0.11K,0.22%
"Sep 15, 2020",1986.4,1986.1,1997.5,1981,0.04K,0.13%
"Sep 14, 2020",1983.9,1974.1,1987.8,1972.8,0.12K,0.84%
"Sep 11, 2020",1967.4,1971.3,1975.8,1966.5,0.10K,-0.8%
"Sep 10, 2020",1983.2,1971.1,1991.4,1969.4,0.21K,0.52%
"Sep 09, 2020",1972.9,1952.9,1973.6,1946.4,0.21K,0.57%
"Sep 08, 2020",1961.8,1957.5,1965.9,1938.8,0.88K,1.28%
"Sep 07, 2020",1937.1,1940.7,1947.4,1930.45,-,-0.18%
"Sep 06, 2020",1940.65,1941.9,1944.3,1937.65,-,-0.62%
"Sep 04, 2020",1952.8,1956.6,1959.5,1951.9,0.17K,-0.16%
"Sep 03, 2020",1956,1970,1972.8,1953.1,0.73K,-0.43%
"Sep 02, 2020",1964.5,1988.3,1990.9,1959.9,0.70K,-1.72%
"Sep 01, 2020",1998.8,2018.6,2018.6,1995,0.24K,-0.02%
"Aug 31, 2020",1999.1,1991.1,2002.3,1991.1,0.28K,0.3%
"Aug 28, 2020",1993.2,1956.5,1992.7,1951.3,0.31K,2.05%
"Aug 27, 2020",1953.1,1970.1,1970.3,1940.7,0.17K,-1.08%
"Aug 26, 2020",1974.4,1952.9,1952.9,1942.1,0.16K,1.5%
"Aug 25, 2020",1945.2,1965.2,1965.2,1944,0.02K,-0.87%
"Aug 24, 2020",1962.3,1962.5,1979.4,1955.9,0.11K,-0.37%
"Aug 21, 2020",1969.6,1982.3,1982.3,1959.9,0.12K,0.01%
"Aug 20, 2020",1969.5,1955.6,1976,1955.5,0.09K,-1.15%
"Aug 19, 2020",1992.5,2036,2036,1952.4,0.33K,-2.15%
"Aug 18, 2020",2036.2,2024.4,2041.1,2023.2,0.08K,0.72%
"Aug 17, 2020",2021.6,1981.7,2012.3,1971.6,0.11K,2.27%
"Aug 14, 2020",1976.8,1996.3,1996.9,1971,0.13K,-1.08%
"Aug 13, 2020",1998.3,1973.9,1993.9,1971.6,0.03K,1.1%
"Aug 12, 2020",1976.5,1955.6,1986.9,1913,0.11K,0.02%
"Aug 11, 2020",1976.1,2056.5,2062.2,1953.5,0.34K,-4.65%
"Aug 10, 2020",2072.4,2068.7,2080,2065,0.09K,0.53%
"Aug 07, 2020",2061.4,2120,2120,2060,0.39K,-1.99%
"Aug 06, 2020",2103.2,2086.7,2115,2085.9,0.40K,1.03%
"Aug 05, 2020",2081.7,2070,2100,2063,0.38K,1.42%
"Aug 04, 2020",2052.6,2024.6,2068.4,2018.7,0.39K,1.73%
"Aug 03, 2020",2017.7,2026.9,2040,2015.4,0.42K,0.03%
"Jul 31, 2020",2017.1,2005.2,2035,2005.2,0.27K,0.97%
"Jul 30, 2020",1997.7,2016,2016,1988.9,0.03K,-0.5%
"Jul 29, 2020",2007.7,2001,2025,2001,0.16K,0.56%
"Jul 28, 2020",1996.6,2008.1,2028.1,1967.2,0.16K,0.42%
"Jul 27, 2020",1988.3,1964.8,1999.9,1964.8,0.18K,1.57%
"Jul 24, 2020",1957.5,1941.8,1961,1941,0.31K,0.53%
"Jul 23, 2020",1947.2,1923.3,1945,1923.3,0.57K,1.47%
"Jul 22, 2020",1919,1909.5,1924.2,1906.4,0.13K,1.43%
"Jul 21, 2020",1891.9,1867.6,1891.3,1867,0.14K,1.67%
"Jul 20, 2020",1860.8,1862,1862.4,1862,0.03K,0.35%
"Jul 17, 2020",1854.3,1840.6,1851,1840.1,0.01K,0.37%
"Jul 16, 2020",1847.4,1856,1856,1856,0.03K,-0.83%
"Jul 15, 2020",1862.8,1862.3,1863.1,1854.3,0.10K,0.01%
"Jul 14, 2020",1862.7,1850,1863.9,1850,0.06K,-0.11%
"Jul 13, 2020",1864.8,1857.3,1858.3,1857.3,0.10K,0.69%
"Jul 10, 2020",1852,1853.7,1853.7,1851.3,0.12K,-0.11%
"Jul 09, 2020",1854,1871.9,1871.9,1871.9,0.12K,-0.92%
"Jul 08, 2020",1871.2,1851.8,1867.6,1851.8,0.25K,1.05%
"Jul 07, 2020",1851.8,1833.9,1853.6,1833.9,0.30K,1.15%
"Jul 06, 2020",1830.8,1825.8,1828.6,1825.8,1.74K,2.42%
"Jul 03, 2020",1787.6,1786.9,1788.7,1783.65,-,-2.05%
"Jul 02, 2020",1825,1799,1821.3,1798.8,0.17K,0.56%
"Jul 01, 2020",1814.8,1830,1838,1830,0.45K,-1%
"Jun 30, 2020",1833.2,1816.9,1835,1813.9,0.04K,1.14%
"Jun 29, 2020",1812.6,1816.5,1816.5,1811.2,0.09K,0.1%
"Jun 26, 2020",1810.8,1798.2,1814,1798,0.10K,0.55%
"Jun 25, 2020",1800.9,1800,1800,1800,0.05K,-0.23%
"Jun 24, 2020",1805.1,1806.5,1806.5,1806.5,0.30K,-0.25%
"Jun 23, 2020",1809.7,1803,1803,1803,0.26K,0.84%
"Jun 22, 2020",1794.7,1787,1798.4,1783.1,0.07K,0.71%
"Jun 19, 2020",1782.1,1767,1786.9,1761.8,0.52K,1.15%
"Jun 18, 2020",1761.9,1775,1775,1762.3,0.08K,-0.31%
"Jun 17, 2020",1767.4,1768.2,1768.2,1768.2,0.02K,-0.05%
"Jun 16, 2020",1768.2,1770,1770,1770,0.20K,0.55%
"Jun 15, 2020",1758.5,1770.3,1770.3,1760,0.02K,-0.54%
"Jun 12, 2020",1768.1,1780.4,1780.5,1780.4,0.56K,-0.18%
"Jun 11, 2020",1771.3,1784.1,1786.4,1762.3,0.81K,1.02%
"Jun 10, 2020",1753.5,1760.9,1760.9,1753.3,0.32K,-0.09%
"Jun 09, 2020",1755,1755.2,1757.6,1755.2,0.54K,0.95%
"Jun 08, 2020",1738.5,1739.4,1739.4,1739.4,0.05K,1.31%
"Jun 05, 2020",1716,1741.7,1741.7,1704.6,0.11K,-2.46%
"Jun 04, 2020",1759.3,1747.6,1752,1747.6,0.16K,1.53%
"Jun 03, 2020",1732.8,1760,1760,1727.5,0.45K,-1.52%
"Jun 02, 2020",1759.6,1774.5,1775.3,1774.5,0.11K,-0.79%
"Jun 01, 2020",1773.7,1775.5,1775.5,1772.8,0.06K,-0.01%
"May 29, 2020",1773.8,1748.2,1771.5,1748.2,0.11K,1.34%
"May 28, 2020",1750.3,1748.8,1757.3,1748.8,0.18K,0.2%
"May 27, 2020",1746.8,1725,1727.4,1722.5,0.01K,0.05%
"May 26, 2020",1745.9,1762.9,1764,1762.9,0.08K,1.09%
"May 25, 2020",1727,1730.55,1731.35,1719.25,-,-0.21%
"May 24, 2020",1730.65,1735.45,1735.9,1729.8,-,-2.27%
"May 22, 2020",1770.8,1773.5,1773.5,1771.9,0.47K,0.82%
"May 21, 2020",1756.4,1780.1,1780.1,1753.6,0.15K,-1.78%
"May 20, 2020",1788.2,1784,1791.2,1784,0.08K,0.44%
"May 19, 2020",1780.4,1784.2,1784.2,1784.2,0.00K,0.71%
"May 18, 2020",1767.9,1795.4,1795.4,1795.4,0.14K,-1.02%
"May 15, 2020",1786.2,1776.2,1781.5,1776.2,0.45K,0.86%
"May 14, 2020",1770.9,1747.1,1747.1,1747.1,0.00K,1.36%
"May 13, 2020",1747.1,1729.1,1750.3,1729.1,0.01K,0.49%
"May 12, 2020",1738.5,1733.2,1734.5,1731.9,0.01K,0.4%
"May 11, 2020",1731.5,1727.7,1734.2,1714.2,0.05K,-0.96%
"May 08, 2020",1748.3,1747.8,1747.8,1747.8,0.00K,-0.53%
"May 07, 2020",1757.6,1718.9,1722.8,1718.5,0.05K,2.28%
"May 06, 2020",1718.4,1728.4,1728.4,1713,0.01K,-1.27%
"May 05, 2020",1740.5,1725.8,1739.1,1725.8,0.40K,0.16%
"May 04, 2020",1737.7,1729.1,1729.1,1725.7,0.03K,1.16%
"May 01, 2020",1717.8,1720.1,1720.1,1720.1,0.01K,0.46%
"Apr 30, 2020",1709.9,1706.4,1706.4,1706.4,0.05K,-0.99%
"Apr 29, 2020",1727,1727.6,1744.1,1727.6,0.01K,-0.48%
"Apr 28, 2020",1735.4,1731.8,1740,1712.7,3.06K,-0.01%
"Apr 27, 2020",1735.5,1746.7,1753,1726.8,0.13K,-0.58%
"Apr 24, 2020",1745.6,1759,1759,1745,0.00K,-0.51%
"Apr 23, 2020",1754.5,1753.1,1762.2,1753.1,0.00K,0.46%
"Apr 22, 2020",1746.5,1709.5,1709.5,1709.5,0.01K,3.04%
"Apr 21, 2020",1694.9,1722.2,1722.2,1679.6,0.08K,-1.34%
"Apr 20, 2020",1718,1715.6,1715.6,1715.6,0.00K,0.73%
"Apr 17, 2020",1705.6,1717.8,1717.8,1717.8,0.02K,-1.94%
"Apr 16, 2020",1739.4,1766.5,1766.5,1766.5,0.00K,-0.5%
"Apr 15, 2020",1748.2,1760.7,1762.7,1736.4,0.00K,-1.43%
"Apr 14, 2020",1773.5,1779.1,1779.1,1776.5,0.01K,0.5%
"Apr 13, 2020",1764.6,1732.5,1758,1732.5,0.03K,1.38%
"Apr 10, 2020",1740.6,1740.6,1740.6,1740.6,-,-0.84%
"Apr 09, 2020",1755.4,1747.5,1747.5,1747.5,0.00K,4.13%
"Apr 08, 2020",1685.8,1690.1,1690.1,1690.1,0.02K,0.02%
"Apr 07, 2020",1685.4,1688.8,1688.8,1688.8,0.02K,-0.62%
"Apr 06, 2020",1696,1685.3,1688.6,1685.3,0.00K,2.78%
"Apr 03, 2020",1650.1,1639,1651.5,1625.3,0.14K,0.45%
"Apr 02, 2020",1642.7,1636.4,1636.4,1636.4,0.29K,2.82%
"Apr 01, 2020",1597.6,1594.4,1594.4,1594.4,0.18K,-0.32%
"Mar 31, 2020",1602.7,1625.3,1625.3,1625.3,0.06K,-2.83%
"Mar 30, 2020",1649.3,1646.9,1646.9,1646.9,0.10K,-0.7%
"Mar 27, 2020",1661,1647.1,1647.1,1647.1,0.27K,-0.44%
"Mar 26, 2020",1668.3,1674.3,1674.3,1659.4,0.01K,1.79%
"Mar 25, 2020",1639,1650.9,1656.6,1650.5,0.06K,-1.81%
"Mar 24, 2020",1669.2,1594.6,1653.5,1594.6,0.03K,5.09%
"Mar 23, 2020",1588.3,1514.6,1572.8,1502.6,0.01K,5.79%
"Mar 20, 2020",1501.4,1515.8,1515.8,1515.8,0.01K,0.28%
"Mar 19, 2020",1497.2,1496.6,1508,1476.9,0.01K,0.17%
"Mar 18, 2020",1494.6,1520.6,1520.6,1502.3,0.32K,-3.02%
"Mar 17, 2020",1541.1,1504.5,1561.5,1476.3,0.01K,2.74%
"Mar 16, 2020",1500,1485,1503,1485,0.01K,-2.1%
"Mar 13, 2020",1532.2,1591,1591,1529.3,0.10K,-4.62%
"Mar 12, 2020",1606.5,1654.3,1654.3,1581.5,0.01K,-3.12%
"Mar 11, 2020",1658.3,1670,1670,1653.1,0.03K,-1.09%
"Mar 10, 2020",1676.6,1675.9,1675.9,1662.1,0.19K,-0.88%
"Mar 09, 2020",1691.5,1709.9,1710.1,1672.9,0.13K,-0.01%
"Mar 06, 2020",1691.6,1696,1703.6,1686.3,0.07K,0.07%
"Mar 05, 2020",1690.5,1655.7,1671,1655.2,0.18K,1.42%
"Mar 04, 2020",1666.9,1664.2,1664.5,1664.2,0.22K,-0.19%
"Mar 03, 2020",1670,1606.5,1663.8,1606.5,0.06K,3.05%
"Mar 02, 2020",1620.6,1602.5,1624.3,1600.2,0.25K,1.5%
"Feb 28, 2020",1596.6,1595.2,1617.8,1595.2,0.56K,-4.76%
"Feb 27, 2020",1676.4,1679,1684.4,1670,0.01K,-0.11%
"Feb 26, 2020",1678.2,1677.6,1677.6,1677.6,0.02K,-0.49%
"Feb 25, 2020",1686.4,1681,1683.6,1681,0.54K,-1.58%
"Feb 24, 2020",1713.5,1707.4,1707.4,1707.4,0.02K,1.61%
"Feb 21, 2020",1686.3,1672.3,1678.1,1672.3,0.08K,1.71%
"Feb 20, 2020",1658,1641.4,1651.9,1641.4,0.12K,0.52%
"Feb 19, 2020",1649.5,1639.8,1641.4,1636.2,0.04K,0.51%
"Feb 18, 2020",1641.1,1617.3,1634.8,1617.3,0.07K,3.41%
"Feb 17, 2020",1587.05,1586.15,1588.45,1581.85,-,0.05%
"Feb 16, 2020",1586.25,1585.5,1586.25,1583.45,-,-2.33%
"Feb 14, 2020",1624.1,1601,1608.4,1597.3,0.03K,0.44%
"Feb 13, 2020",1617,1607.9,1608.1,1607.9,0.00K,0.45%
"Feb 12, 2020",1609.8,1590.8,1593.9,1587.5,2.05K,0.06%
"Feb 11, 2020",1608.8,1606.7,1606.9,1606.7,0.00K,-0.58%
"Feb 10, 2020",1618.2,1606.7,1606.7,1606.7,0.00K,0.33%
"Feb 07, 2020",1612.8,1591,1598.3,1588.4,0.00K,0.21%
"Feb 06, 2020",1609.5,1580.7,1592.4,1579.3,0.07K,0.46%
"Feb 05, 2020",1602.2,1579.4,1587,1573,2.05K,0.45%
"Feb 04, 2020",1595,1602.3,1602.3,1576,0.03K,-1.6%
"Feb 03, 2020",1621,1606,1606,1606,0.00K,-0.31%
"Jan 31, 2020",1626.1,1599.7,1615.3,1597.7,0.00K,-0.07%
"Jan 30, 2020",1627.3,1601.6,1612,1599,0.03K,0.79%
"Jan 29, 2020",1614.5,1594.5,1603.6,1589.3,0.03K,0.08%
"Jan 28, 2020",1613.2,1606.7,1607.1,1593.4,10.91K,-0.47%
"Jan 27, 2020",1620.8,1616.8,1617.8,1616.8,0.00K,0.33%
"Jan 24, 2020",1615.4,1595,1609.5,1595,0.05K,0.44%
"Jan 23, 2020",1608.3,1585,1593.5,1580.1,1.75K,0.54%
"Jan 22, 2020",1599.7,1583.1,1585.5,1577.6,0.07K,-0.08%
"Jan 21, 2020",1601,1595,1595,1595,0.00K,2.55%
"Jan 20, 2020",1561.25,1557.2,1562.7,1556.65,-,0.27%
"Jan 19, 2020",1557.05,1557.4,1559.05,1556.45,-,-2.89%
"Jan 17, 2020",1603.4,1578.6,1588,1577.1,1.54K,0.65%
"Jan 16, 2020",1593,1580.4,1583.4,1575,0.03K,-0.23%
"Jan 15, 2020",1596.6,1587.8,1587.8,1587.8,0.00K,0.57%
"Jan 14, 2020",1587.5,1573.2,1573.9,1563.4,1.76K,-0.39%
"Jan 13, 2020",1593.7,1586.8,1586.8,1574.9,2.70K,-0.6%
"Jan 10, 2020",1603.3,1577.6,1589.6,1574.1,0.11K,0.34%
"Jan 09, 2020",1597.8,1583,1587.5,1570.2,1.43K,-0.37%
"Jan 08, 2020",1603.8,1612.6,1638.4,1612.6,0.02K,-0.92%
"Jan 07, 2020",1618.7,1602.6,1602.6,1602.6,0.07K,0.33%
"Jan 06, 2020",1613.3,1608.2,1612.4,1600.3,0.01K,1.06%
"Jan 03, 2020",1596.4,1591,1592.1,1588.6,0.41K,1.55%
"Jan 02, 2020",1572.1,1548.7,1559.5,1548.2,1.25K,3.36%
"Jan 01, 2020",1520.95,1520.85,1523.95,1520.85,-,-2.98%
"Dec 31, 2019",1567.6,1546.7,1555,1546.4,0.67K,0.34%
"Dec 30, 2019",1562.3,1543.9,1545.5,1540.1,0.46K,0.07%
"Dec 27, 2019",1561.2,1540.7,1545,1540,0.29K,0.26%
"Dec 26, 2019",1557.1,1544.2,1544.2,1544.2,0.00K,3.53%
"Dec 25, 2019",1504.05,1504.4,1504.4,1502.15,-,-2.8%
"Dec 24, 2019",1547.3,1518.6,1530.1,1518.6,0.45K,1.05%
"Dec 23, 2019",1531.2,1510.7,1514.9,1510.7,0.39K,0.53%
"Dec 20, 2019",1523.1,1515.8,1515.8,1515.8,0.00K,-0.23%
"Dec 19, 2019",1526.6,1505.4,1510.4,1503.5,0.57K,0.37%
"Dec 18, 2019",1521,1506.4,1508.5,1501.7,1.56K,-0.16%
"Dec 17, 2019",1523.5,1505.8,1510,1505,0.21K,0.02%
"Dec 16, 2019",1523.2,1505.4,1509.4,1503.9,0.42K,0.01%
"Dec 13, 2019",1523,1493,1507.9,1493,0.47K,0.62%
"Dec 12, 2019",1513.6,1511.2,1514,1494.1,0.17K,-0.15%
"Dec 11, 2019",1515.8,1500,1507,1497.5,0.14K,0.46%
"Dec 10, 2019",1508.9,1490.6,1496,1489.7,0.14K,0.22%
"Dec 09, 2019",1505.6,1493.2,1493.2,1489.4,0.30K,0.09%
"Dec 06, 2019",1504.2,1509.6,1509.6,1497.2,0.01K,-1.15%
"Dec 05, 2019",1521.7,1513.8,1513.8,1513.8,0.00K,0.2%
"Dec 04, 2019",1518.7,1515.9,1515.9,1515.9,0.00K,-0.27%
"Dec 03, 2019",1522.8,1491.1,1510.3,1491.1,0.45K,1.03%
"Dec 02, 2019",1507.3,1494,1495.3,1485,0.17K,-0.23%
"Nov 29, 2019",1510.7,1488,1495.4,1484.2,0.19K,3.31%
"Nov 28, 2019",1462.25,1463.25,1464.55,1460.75,-,-2.42%
"Nov 27, 2019",1498.5,1489.2,1490.2,1483.9,0.22K,-0.41%
"Nov 26, 2019",1504.7,1484.3,1492,1481,0.31K,0.19%
"Nov 25, 2019",1501.8,1490.9,1492,1485.2,0.94K,-0.41%
"Nov 22, 2019",1508,1497.7,1502.3,1492,0.70K,0.03%
"Nov 21, 2019",1507.6,1505.5,1505.7,1494,0.49K,-0.69%
"Nov 20, 2019",1518.1,1505.5,1509.2,1498,0.69K,-0.07%
"Nov 19, 2019",1519.2,1511.5,1511.5,1511.5,0.00K,0.15%
"Nov 18, 2019",1516.9,1498.4,1502.8,1488.8,0.82K,0.22%
"Nov 15, 2019",1513.6,1496.3,1499.9,1495.9,0.07K,-0.32%
"Nov 14, 2019",1518.5,1495.1,1504.7,1494.8,0.84K,0.66%
"Nov 13, 2019",1508.5,1489.9,1498.1,1489.9,0.74K,0.66%
"Nov 12, 2019",1498.6,1487.8,1488.5,1480,0.93K,-0.25%
"Nov 11, 2019",1502.3,1494,1494,1480.1,0.73K,-0.54%
"Nov 08, 2019",1510.4,1500.5,1503,1488.8,0.35K,-0.09%
"Nov 07, 2019",1511.7,1510,1510,1510,0.00K,-1.67%
"Nov 06, 2019",1537.4,1534.7,1534.7,1534.7,0.00K,0.62%
"Nov 05, 2019",1528,1522.8,1522.8,1522.8,0.00K,-1.72%
"Nov 04, 2019",1554.8,1544.8,1544.8,1541,0.83K,0.03%
"Nov 01, 2019",1554.4,1542.1,1545,1538,0.20K,-0.16%
"Oct 31, 2019",1556.9,1527,1545,1527,0.17K,1.14%
"Oct 30, 2019",1539.4,1520.8,1526.5,1513.2,1.90K,0.38%
"Oct 29, 2019",1533.5,1524.2,1524.2,1515.5,0.22K,-0.34%
"Oct 28, 2019",1538.7,1552,1552,1552,0.00K,-0.58%
"Oct 25, 2019",1547.7,1548.8,1556.7,1548.8,0.00K,0.1%
"Oct 24, 2019",1546.2,1524.3,1534.7,1522,0.28K,0.59%
"Oct 23, 2019",1537.1,1522,1526.1,1522,0.03K,0.54%
"Oct 22, 2019",1528.8,1517.3,1519,1515,0.01K,-0.03%
"Oct 21, 2019",1529.3,1524.9,1524.9,1515,0.11K,-0.37%
"Oct 18, 2019",1535,1526.1,1526.1,1519.5,0.16K,-0.31%
"Oct 17, 2019",1539.8,1519.9,1527.6,1519.9,0.21K,0.29%
"Oct 16, 2019",1535.4,1515.5,1522.2,1510,0.20K,0.68%
"Oct 15, 2019",1525.1,1522.9,1524.5,1513,0.23K,-0.91%
"Oct 14, 2019",1539.1,1529,1530,1524.4,0.03K,0.61%
"Oct 11, 2019",1529.8,1533.7,1534.6,1508,1.04K,-0.72%
"Oct 10, 2019",1540.9,1548,1548,1526,0.13K,-0.73%
"Oct 09, 2019",1552.3,1539.7,1543,1535,0.43K,0.6%
"Oct 08, 2019",1543.1,1524.2,1540,1522.6,0.43K,-0.04%
"Oct 07, 2019",1543.7,1538.9,1538.9,1522.2,0.16K,-0.53%
"Oct 04, 2019",1551.9,1541.3,1541.3,1530.2,0.07K,-0.04%
"Oct 03, 2019",1552.5,1536.8,1551.8,1535.2,0.00K,0.23%
"Oct 02, 2019",1549,1512.8,1536.3,1509.9,0.00K,1.23%
"Oct 01, 2019",1530.2,1502.6,1520,1499,0.00K,1.04%
"Sep 30, 2019",1514.5,1533,1533,1500.1,0.51K,-2.18%
"Sep 27, 2019",1548.3,1538.3,1538.3,1525.7,0.17K,-0.26%
"Sep 26, 2019",1552.3,1538.9,1547,1538,0.25K,0.19%
"Sep 25, 2019",1549.3,1572,1572,1539.1,0.25K,-1.78%
"Sep 24, 2019",1577.4,1560.1,1573,1554.9,0.51K,0.54%
"Sep 23, 2019",1568.9,1556.6,1562.5,1556.6,0.02K,1.05%
"Sep 20, 2019",1552.6,1537.8,1553.5,1537.8,0.10K,0.61%
"Sep 19, 2019",1543.2,1528.8,1540.4,1528.8,0.16K,-0.62%
"Sep 18, 2019",1552.9,1538.9,1549,1530.4,0.50K,0.13%
"Sep 17, 2019",1550.9,1538.8,1542.3,1538.8,0.01K,0.12%
"Sep 16, 2019",1549.1,1542.6,1546.5,1536.4,0.69K,0.77%
"Sep 13, 2019",1537.3,1543.4,1543.4,1525.6,0.18K,-0.44%
"Sep 12, 2019",1544.1,1530.4,1558.6,1530.4,0.41K,0.38%
"Sep 11, 2019",1538.3,1528.8,1534.4,1528.8,0.04K,0.28%
"Sep 10, 2019",1534,1531.9,1532.6,1524.9,0.16K,-0.74%
"Sep 09, 2019",1545.5,1540.1,1546.6,1534.1,0.24K,-0.24%
"Sep 06, 2019",1549.2,1551,1559.9,1539.2,0.06K,-0.62%
"Sep 05, 2019",1558.8,1579.5,1584.1,1544.9,0.10K,-2.17%
"Sep 04, 2019",1593.3,1582.7,1590.7,1572,0.03K,0.26%
"Sep 03, 2019",1589.1,1562.8,1583.9,1561.2,0.24K,3.51%
"Sep 02, 2019",1535.15,1537.95,1540.05,1528.15,-,-0.19%
"Sep 01, 2019",1538.05,1535.25,1542.9,1535.25,-,-1.6%
"Aug 30, 2019",1563.1,1564.1,1566.9,1555,0.45K,-0.43%
"Aug 29, 2019",1569.9,1571.9,1578.8,1562,0.25K,-0.71%
"Aug 28, 2019",1581.2,1572.3,1578,1571.6,0.24K,-0.21%
"Aug 27, 2019",1584.5,1566.2,1579.3,1564.6,0.17K,0.94%
"Aug 26, 2019",1569.8,1584.5,1584.5,1563.2,0.07K,-0.03%
"Aug 23, 2019",1570.2,1539,1563.5,1537.3,0.26K,1.89%
"Aug 22, 2019",1541.1,1534.3,1538.8,1530.5,0.25K,-0.46%
"Aug 21, 2019",1548.2,1532.7,1540.6,1532.7,0.56K,0.01%
"Aug 20, 2019",1548,1530.2,1540.7,1530.2,0.17K,0.26%
"Aug 19, 2019",1544,1543.9,1543.9,1531,0.35K,-0.78%
"Aug 16, 2019",1556.2,1557.4,1557.7,1541.3,0.16K,-0.48%
"Aug 15, 2019",1563.7,1553,1561.2,1546,0.29K,0.17%
"Aug 14, 2019",1561,1538.5,1553.1,1532.6,0.24K,0.86%
"Aug 13, 2019",1547.7,1556.2,1571.7,1523.1,0.07K,-0.15%
"Aug 12, 2019",1550,1536,1550.1,1526.4,0.16K,0.55%
"Aug 09, 2019",1541.5,1542.8,1543.8,1535,0.09K,-0.03%
"Aug 08, 2019",1542,1533,1542.1,1532.6,0.06K,-0.62%
"Aug 07, 2019",1551.6,1510.6,1547.7,1510.6,0.11K,2.3%
"Aug 06, 2019",1516.7,1507.2,1511.1,1498.6,0.14K,0.47%
"Aug 05, 2019",1509.6,1487.4,1505,1487.4,0.07K,1.16%
"Aug 02, 2019",1492.3,1476.2,1476.2,1476.2,0.08K,1.62%
"Aug 01, 2019",1468.5,1450.8,1485.6,1443.3,0.15K,-0.33%
"Jul 31, 2019",1473.3,1460.5,1469.6,1452.9,0.13K,-0.27%
"Jul 30, 2019",1477.3,1469,1472.4,1469,0.02K,0.6%
"Jul 29, 2019",1468.5,1461.7,1461.7,1461.7,1.05K,0.09%
"Jul 26, 2019",1467.2,1460.4,1460.4,1460.4,0.56K,0.41%
"Jul 25, 2019",1461.2,1465.1,1468,1456.1,0.81K,-0.58%
"Jul 24, 2019",1469.7,1467.2,1467.2,1467.2,0.04K,0.14%
"Jul 23, 2019",1467.6,1458.6,1459.6,1458.6,0.25K,-0.35%
"Jul 22, 2019",1472.8,1466,1466,1466,0.61K,0.03%
"Jul 19, 2019",1472.3,1483.3,1487.4,1461.5,0.02K,-0.12%
"Jul 18, 2019",1474,1464.4,1488.5,1459.4,0.02K,0.32%
"Jul 17, 2019",1469.3,1455,1467.3,1455,0.02K,0.87%
"Jul 16, 2019",1456.6,1453.4,1453.4,1453.4,0.02K,-0.12%
"Jul 15, 2019",1458.4,1452.3,1452.3,1452.3,0.99K,0.1%
"Jul 12, 2019",1457,1450.9,1450.9,1450.9,0.05K,0.39%
"Jul 11, 2019",1451.4,1461.4,1467.2,1461.4,0.01K,-0.36%
"Jul 10, 2019",1456.6,1450.5,1450.5,1450.5,0.07K,0.84%
"Jul 09, 2019",1444.4,1430.6,1430.8,1430.6,0.02K,0.07%
"Jul 08, 2019",1443.4,1436.9,1436.9,1436.9,0.05K,0.05%
"Jul 05, 2019",1442.7,1428,1433,1428,0.02K,1.35%
"Jul 04, 2019",1423.55,1421.25,1426.65,1412.85,-,-2.64%
"Jul 03, 2019",1462.1,1465.5,1465.5,1461.9,0.00K,0.91%
"Jul 02, 2019",1448.9,1428.6,1428.6,1428.6,0.07K,1.34%
"Jul 01, 2019",1429.7,1444,1444,1424.4,0.01K,-1.6%
"Jun 28, 2019",1452.9,1451,1451,1445.7,0.06K,0.16%
"Jun 27, 2019",1450.6,1444.5,1444.5,1444.5,0.06K,-0.23%
"Jun 26, 2019",1453.9,1441.9,1445.4,1440.5,0.04K,-0.24%
"Jun 25, 2019",1457.4,1461.3,1473.9,1448.7,0.09K,0.03%
"Jun 24, 2019",1457,1439.1,1449.6,1439,0.01K,1.25%
"Jun 21, 2019",1439,1444,1444,1419.6,0.02K,0.21%
"Jun 20, 2019",1436,1419.1,1428.7,1417.4,0.41K,3.22%
"Jun 19, 2019",1391.2,1382.1,1382.1,1382.1,0.09K,-0.26%
"Jun 18, 2019",1394.8,1379.7,1394.5,1379.7,0.18K,0.56%
"Jun 17, 2019",1387,1379.7,1384.2,1379.7,0.02K,-0.14%